0,https://youtu.be/watch?v=S2PS0X9XNX0
1,https://youtu.be/watch?v=zgFZOgjw0fI
2,https://youtu.be/watch?v=1sEW9Ij0eho
3,https://youtu.be/watch?v=952FanTjQDE
4,https://youtu.be/watch?v=RvpXFX8hLFQ
5,https://youtu.be/watch?v=OwzzuNimD9U
6,https://youtu.be/watch?v=rcoGgV9V3O4
7,https://youtu.be/watch?v=txSusa5XZt8
8,https://youtu.be/watch?v=sjtI02DzhWM
9,https://youtu.be/watch?v=hJtvek_bXe4
10,https://youtu.be/watch?v=uRXkwdaRDqs
11,https://youtu.be/watch?v=jaJxzrdp9IA
12,https://youtu.be/watch?v=ZmkIU9w6Xi0
13,https://youtu.be/watch?v=tZOa6AYmMRo
14,https://youtu.be/watch?v=TKj2u73sSLA
15,https://youtu.be/watch?v=ZEQlktoLmVM
16,https://youtu.be/watch?v=UcCJZOp32FA
17,https://youtu.be/watch?v=gW9dyTPT2vg
18,https://youtu.be/watch?v=gCrnQV3W1yE
19,https://youtu.be/watch?v=O7LSHQ7GMLk
20,https://youtu.be/watch?v=nPT960wgYwo
21,https://youtu.be/watch?v=WUdEjLiNT4A
22,https://youtu.be/watch?v=Qfk3djlXnws
23,https://youtu.be/watch?v=d6K3QUBuX40
24,https://youtu.be/watch?v=k68LuultB5Q
25,https://youtu.be/watch?v=1djPrU3bH1c
26,https://youtu.be/watch?v=evi6TT9S5bQ
27,https://youtu.be/watch?v=E1Su1b_70tM
28,https://youtu.be/watch?v=S0b_N0DVzkU
29,https://youtu.be/watch?v=g7d08-_7zuU
30,https://youtu.be/watch?v=oihvjKMLkQQ
31,https://youtu.be/watch?v=1F4PCvwSHhA
32,https://youtu.be/watch?v=pXWPaDmAAsk
33,https://youtu.be/watch?v=H906D9_29r8
34,https://youtu.be/watch?v=zQhQqELwM3Y
35,https://youtu.be/watch?v=ZHBZUZk-h1k
36,https://youtu.be/watch?v=6P8ZJ-2d7TI
37,https://youtu.be/watch?v=yk1YBwx50qw
38,https://youtu.be/watch?v=ljh6MFddou8
39,https://youtu.be/watch?v=eDlNwy8QWL4
40,https://youtu.be/watch?v=XZoqo1KuT7c
41,https://youtu.be/watch?v=1fayfztoP0U
42,https://youtu.be/watch?v=dDnE5hNuoMM
43,https://youtu.be/watch?v=DnrEcGKQXBM
44,https://youtu.be/watch?v=4o1hHLho5Gg
45,https://youtu.be/watch?v=pkUZxOt9tA8
46,https://youtu.be/watch?v=ReTz7A_Iit0
47,https://youtu.be/watch?v=zZBZinvsxIY
48,https://youtu.be/watch?v=LRgvMxrVcHo
49,https://youtu.be/watch?v=foHf-07ZCRY
50,https://youtu.be/watch?v=clB-mrtYHTw
51,https://youtu.be/watch?v=BRtRCzGhXqA
52,https://youtu.be/watch?v=kOQP3Ru1y9A
53,https://youtu.be/watch?v=wG7urLRZjh8
54,https://youtu.be/watch?v=PDc5zND2Mtc